Data Loading,Overall Average
Ground Truth,2.1333333333333333
Unprocessed One At A Time,1.534333333333333
Unprocessed Lump,2.7620000000000005
Processed One At A Time,1.4743333333333335
Processed Lump,2.5349999999999997
