Data Loading,Overall Average
Ground Truth,2.1333333333333333
Unprocessed Lump,2.7620000000000005
Processed Lump,2.5349999999999997
Unprocessed Lump Example,2.4046666666666665
Processed Lump Example,2.6723333333333334
Unprocessed Lump Explanation,2.0776666666666666
Processed Lump Explanation,1.1566666666666667
